time;x;y;fx;fy
63;120;-120;0;104
126;120;-120;0;104
189;120;-120;0;111
252;120;-118;0;111
315;120;-117;0;111
378;120;-114;0;111
441;120;-112;0;111
504;120;-111;0;66
567;120;-111;0;66
630;120;-111;0;66
693;120;-111;0;66
756;120;-111;0;66
819;120;-111;0;66
882;120;-111;0;58
945;120;-111;0;58
1008;120;-111;0;58
1071;120;-111;0;58
1134;120;-111;0;58
1197;120;-111;0;26
1260;120;-111;0;26
1323;120;-111;0;26
1386;120;-111;0;26
1449;120;-111;0;38
1512;120;-111;0;38
1575;120;-111;0;38
1638;120;-111;0;38
1701;120;-111;0;38
1764;120;-111;0;35
1827;120;-111;0;35
1890;120;-111;0;35
1953;120;-111;0;35
2016;120;-111;0;35
2079;120;-111;0;67
2142;120;-111;0;67
2205;120;-111;0;67
2268;120;-111;0;67
2331;120;-111;0;67
2394;120;-111;0;82
2457;120;-111;0;82
2520;120;-111;0;82
2583;120;-111;0;82
2646;120;-111;0;82
2709;120;-111;0;84
2772;120;-111;0;84
2835;120;-111;0;84
2898;120;-111;0;84
2961;120;-111;0;84
3024;120;-111;0;87
3087;120;-111;0;87
3150;120;-111;0;87
3213;120;-111;0;87
3276;120;-111;0;87
3339;120;-111;0;94
3402;120;-111;0;94
3465;120;-111;0;94
3528;120;-111;0;94
3591;120;-111;0;94
3654;120;-111;0;94
3717;120;-111;0;94
3780;120;-111;0;94
3843;120;-111;0;94
3906;120;-111;0;94
3969;120;-111;0;94
4032;120;-111;0;94
4095;120;-111;0;94
4158;120;-111;0;94
4221;120;-111;0;87
4284;120;-111;0;87
4347;120;-111;0;87
4410;120;-111;0;87
4473;120;-111;0;87
4536;120;-111;0;86
4599;120;-111;0;86
4662;120;-111;0;86
4725;120;-111;0;86
4788;120;-111;0;86
4851;120;-111;0;95
4914;120;-111;0;95
4977;120;-111;0;95
5040;120;-111;0;95
5103;120;-111;0;95
5166;120;-111;0;95
5229;120;-108;0;123
5292;120;-106;0;123
5355;120;-104;0;123
5418;120;-102;0;123
5481;120;-100;0;103
5544;120;-100;0;103
5607;120;-100;0;103
5670;120;-100;0;103
5733;120;-100;0;103
5796;120;-100;0;95
5859;120;-100;0;95
5922;120;-100;0;95
5985;120;-100;0;95
6048;120;-100;0;95
6111;120;-100;0;114
6174;120;-98;0;114
6237;120;-95;0;114
6300;120;-94;0;114
6363;120;-92;0;114
6426;120;-90;0;251
6489;120;-80;0;251
6552;120;-75;0;251
6615;120;-71;0;251
6678;120;-66;0;251
6741;120;-58;0;199
6804;120;-55;0;199
6867;120;-52;0;199
6930;120;-48;0;199
6993;120;-42;0;103
7056;120;-41;0;103
7119;120;-41;0;103
7182;120;-41;0;103
7245;120;-41;0;103
7308;120;-41;0;103
7371;120;-37;0;268
7434;120;-32;0;268
7497;120;-23;0;268
7560;120;-18;0;268
7623;120;-13;0;268
7686;120;-9;0;279
7749;120;0;0;279
7812;120;5;0;279
7875;120;9;0;279
7938;120;14;0;279
8001;120;20;0;184
8064;120;23;0;184
8127;120;25;0;184
8190;120;28;0;184
8253;120;33;0;146
8316;120;35;0;146
8379;120;37;0;146
8442;120;39;0;146
8505;120;43;0;146
8568;120;45;0;215
8631;120;49;0;215
8694;120;52;0;215
8757;120;59;0;215
8820;120;62;0;215
8883;120;65;0;193
8946;120;68;0;193
9009;120;74;0;193
9072;120;77;0;193
9135;120;80;0;193
9198;120;83;0;128
9261;120;87;0;128
9324;120;88;0;128
9387;120;90;0;128
9450;120;93;0;128
9513;120;95;0;130
9576;120;97;0;130
9639;120;99;0;130
9702;120;100;0;130
9765;120;104;0;130
9828;120;105;0;134
9891;120;107;0;134
9954;120;109;0;134
10017;120;112;0;134
10080;120;114;0;134
10143;120;115;0;103
10206;120;115;0;103
10269;120;115;0;103
10332;120;115;0;103
10395;120;115;0;103
10458;120;115;0;0
10521;120;115;0;0
10584;120;115;0;0
10647;120;115;0;0
10710;120;115;0;0
10773;120;115;0;0
10836;120;115;0;0
10899;120;115;0;0
10962;120;115;0;0
11025;120;115;0;0
11088;120;115;0;0
11151;120;115;0;0
11214;120;115;0;0
11277;120;115;0;0
11340;120;115;0;0
11403;120;115;0;0
11466;120;115;0;0
11529;120;115;0;0
11592;120;115;0;0
11655;120;115;0;0
11718;120;115;0;0
11781;120;115;0;0
11844;120;115;0;0
11907;120;115;0;0
11970;120;115;0;0
12033;120;115;0;0
12096;120;115;0;0
12159;120;115;0;0
12222;120;115;0;0
12285;120;115;0;0
12348;120;115;0;0
12411;120;115;0;0
12474;120;115;0;0
12537;120;115;0;0
12600;120;115;0;0
12663;120;115;0;0
12726;120;115;0;0
12789;120;115;0;0
12852;120;115;0;0
12915;120;115;0;0
12978;120;115;0;0
13041;120;115;0;0
13104;120;115;0;0
13167;120;115;0;0
13230;120;115;0;0
13293;120;115;0;0
13356;120;115;0;0
13419;120;115;0;0
13482;120;115;0;0
13545;120;115;-49;-67
13608;120;115;-49;-67
13671;120;115;-49;-67
13734;120;115;-49;-67
13797;120;115;-49;-67
13860;120;115;-89;-67
13923;120;115;-89;-109
13986;120;115;-89;-109
14049;120;115;-89;-109
14112;120;115;-89;-109
14175;119;115;-119;-109
14238;117;113;-119;-159
14301;114;109;-119;-159
14364;112;106;-119;-159
14427;111;104;-119;-159
14490;109;102;-156;-159
14553;105;97;-156;-172
14616;103;94;-156;-172
14679;100;92;-156;-172
14742;98;89;-156;-172
14805;97;85;-100;-84
14868;97;85;-100;-84
14931;97;85;-100;-84
14994;97;85;-100;-84
15057;96;85;-139;-84
15120;95;85;-139;-88
15183;93;85;-139;-88
15246;91;85;-139;-88
15309;87;85;-139;-88
15372;85;85;-171;-88
15435;82;85;-171;-106
15498;80;85;-171;-106
15561;75;85;-171;-106
15624;73;85;-171;-106
15687;70;85;-63;-106
15750;70;85;-63;-182
15813;70;81;-63;-182
15876;70;78;-63;-182
15939;70;75;-63;-182
16002;70;73;-63;-182
16065;70;66;-29;-277
16128;70;61;-29;-277
16191;70;56;-29;-277
16254;70;51;-29;-277
16317;70;42;-109;-277
16380;70;40;-109;-65
16443;70;40;-109;-65
16506;70;40;-109;-65
16569;70;40;-109;-65
16632;68;40;-196;-65
16695;65;40;-196;-31
16758;63;40;-196;-31
16821;57;40;-196;-31
16884;54;40;-196;-31
16947;51;40;-133;-31
17010;50;40;-133;-70
17073;46;40;-133;-70
17136;44;40;-133;-70
17199;43;40;-133;-70
17262;42;40;-61;-70
17325;42;37;-61;-155
17388;42;35;-61;-155
17451;42;33;-61;-155
17514;42;31;-61;-155
17577;42;27;-69;-133
17640;42;25;-69;-133
17703;42;24;-69;-133
17766;42;22;-69;-133
17829;42;18;-69;-133
17892;42;17;-173;-71
17955;39;17;-173;-71
18018;37;17;-173;-71
18081;32;17;-173;-71
18144;30;17;-173;-71
18207;28;17;-173;-71
18270;22;17;-187;-85
18333;19;17;-187;-85
18396;16;17;-187;-85
18459;13;17;-187;-85
18522;10;17;-187;-85
18585;9;12;-84;-183
18648;9;10;-84;-183
18711;9;7;-84;-183
18774;9;2;-84;-183
18837;9;0;-99;-183
18900;9;-2;-99;-136
18963;9;-4;-99;-136
19026;9;-8;-99;-136
19089;9;-10;-99;-136
19152;8;-12;-212;-136
19215;4;-13;-212;-65
19278;-2;-13;-212;-65
19341;-6;-13;-212;-65
19404;-10;-13;-212;-65
19467;-13;-13;-202;-65
19530;-20;-15;-202;-119
19593;-23;-16;-202;-119
19656;-26;-18;-202;-119
19719;-30;-20;-202;-119
19782;-32;-23;-102;-188
19845;-32;-25;-102;-188
19908;-32;-28;-102;-188
19971;-32;-31;-102;-188
20034;-32;-36;-147;-188
20097;-34;-38;-147;-120
20160;-36;-40;-147;-120
20223;-38;-42;-147;-120
20286;-42;-45;-147;-120
20349;-45;-47;-147;-120
20412;-49;-49;-257;-120
20475;-58;-54;-257;-194
20538;-58;-54;-257;-194
20601;-67;-61;-257;-194
20664;-72;-64;-257;-194
20727;-75;-67;-132;-194
20790;-76;-70;-132;-192
20853;-80;-75;-132;-192
20916;-81;-78;-132;-192
20979;-83;-81;-132;-192
21042;-84;-87;-108;-217
21105;-84;-90;-108;-217
21168;-84;-94;-108;-217
21231;-84;-97;-108;-217
21294;-84;-100;-108;-217
21357;-86;-107;-127;-231
21420;-88;-110;-127;-231
21483;-90;-114;-127;-231
21546;-93;-120;-127;-231
21609;-95;-124;-194;-231
21672;-99;-127;-194;-218
21735;-102;-130;-194;-218
21798;-105;-130;-194;-218
21861;-110;-130;-194;-218
21924;-113;-130;-95;-218
21987;-113;-130;-95;-239
22050;-113;-130;-95;-239
22113;-113;-130;-95;-239
22176;-113;-130;-95;-239
22239;-113;-130;-30;-239
22302;-113;-130;-30;-98
22365;-113;-130;-30;-98
22428;-113;-130;-30;-98
22491;-113;-130;-30;-98
22554;-113;-130;-30;-98
22617;-113;-130;-34;-60
22680;-113;-130;-34;-60
22743;-113;-130;-34;-60
22806;-113;-130;-34;-60
22869;-113;-130;-39;-60
22932;-113;-130;-39;0
22995;-113;-130;-39;0
23058;-113;-130;-39;0
23121;-113;-130;-39;0
23184;-113;-130;-37;0
23247;-113;-130;-37;0
23310;-113;-130;-37;0
23373;-113;-130;-37;0
23436;-113;-130;-37;0
23499;-113;-130;-53;0
23562;-113;-130;-53;0
23625;-113;-130;-53;0
23688;-113;-130;-53;0
23751;-113;-130;-53;49
23814;-113;-130;-45;49
23877;-113;-130;-45;49
23940;-113;-130;-45;49
24003;-113;-130;-45;49
24066;-113;-130;-45;52
24129;-113;-130;-45;52
24192;-113;-130;-45;52
24255;-113;-130;-45;52
24318;-113;-130;-45;52
24381;-113;-130;-56;58
24444;-113;-130;-56;58
24507;-113;-130;-56;58
24570;-113;-130;-56;58
24633;-113;-130;-56;58
24696;-113;-130;-56;75
24759;-113;-130;-64;75
24822;-113;-130;-64;75
24885;-113;-130;-64;75
24948;-113;-130;-64;75
25011;-113;-128;-64;131
25074;-113;-125;-62;131
25137;-113;-123;-62;131
25200;-113;-121;-62;131
25263;-113;-120;-62;131
25326;-113;-118;-62;127
25389;-113;-114;-55;127
25452;-113;-113;-55;127
25515;-113;-111;-55;127
25578;-113;-108;-55;120
25641;-113;-106;-48;120
25704;-113;-104;-48;120
25767;-113;-102;-48;120
25830;-113;-101;-48;120
25893;-113;-98;-48;0
25956;-113;-98;-51;0
26019;-113;-98;-51;0
26082;-113;-98;-51;0
26145;-113;-98;-51;0
26208;-113;-98;-51;0
26271;-113;-98;-71;0
26334;-113;-98;-71;0
26397;-113;-98;-71;0
26460;-113;-98;-71;0
26523;-113;-98;-71;161
26586;-113;-93;-90;161
26649;-113;-90;-90;161
26712;-113;-88;-90;161
26775;-113;-85;-90;161
26838;-113;-81;-90;132
26901;-113;-79;-83;132
26964;-113;-78;-83;132
27027;-113;-76;-83;132
27090;-113;-73;-83;132
27153;-113;-71;-83;125
27216;-113;-69;-82;125
27279;-113;-67;-82;125
27342;-113;-64;-82;125
27405;-113;-62;-82;125
27468;-113;-60;-82;153
27531;-113;-58;-80;153
27594;-113;-54;-80;153
27657;-113;-52;-80;153
27720;-113;-50;-80;153
27783;-113;-46;-75;139
27846;-113;-44;-75;139
27909;-113;-42;-75;139
27972;-113;-40;-75;139
28035;-113;-36;-75;139
28098;-113;-36;-75;139
28161;-113;-35;-46;42
28224;-113;-35;-46;42
28287;-113;-35;-46;42
28350;-113;-35;-46;42
28413;-113;-35;-49;34
28476;-113;-35;-49;34
28539;-113;-35;-49;34
28602;-113;-35;-49;34
28665;-113;-35;-49;34
28728;-113;-35;-39;0
28791;-113;-35;-39;0
28854;-113;-35;-39;0
28917;-113;-35;-39;0
28980;-113;-35;-39;0
29043;-113;-35;-39;0
29106;-113;-35;0;0
29169;-113;-35;0;0
29232;-113;-36;0;-127
29295;-113;-40;0;-127
29358;-113;-40;0;-127
29421;-113;-43;0;-127
29484;-113;-45;0;-127
29547;-113;-47;0;-127
29610;-113;-49;0;-147
29673;-113;-53;0;-147
29736;-113;-55;0;-147
29799;-113;-59;0;-147
29862;-113;-59;0;-147
29925;-113;-60;0;-107
29988;-113;-60;0;-107
30051;-113;-60;0;-107
30114;-113;-60;0;-107
30177;-113;-60;0;-127
30240;-113;-62;0;-127
30303;-113;-64;0;-127
30366;-113;-67;0;-127
30429;-113;-69;0;-127
30492;-113;-71;0;-114
30555;-113;-72;0;-114
30618;-113;-75;0;-114
30681;-113;-77;0;-114
30744;-113;-78;0;-114
30807;-113;-79;0;-109
30870;-113;-79;0;-109
30933;-113;-79;0;-109
30996;-113;-79;0;-109
31059;-113;-79;0;-109
31122;-113;-79;0;-142
31185;-113;-83;0;-142
31248;-113;-85;0;-142
31311;-113;-87;0;-142
31374;-113;-89;0;-142
31437;-113;-93;0;-133
31500;-113;-95;0;-133
31563;-113;-97;0;-133
31626;-113;-100;0;-133
31689;-113;-102;0;-133
31752;-113;-104;0;-127
31815;-113;-105;0;-127
31878;-113;-109;0;-127
31941;-113;-111;0;-127
32004;-113;-112;0;-127
32067;-113;-114;0;-114
32130;-113;-115;0;-114
32193;-113;-118;0;-114
32256;-113;-120;0;-114
32319;-113;-121;0;-114
32382;-113;-122;0;0
32445;-113;-122;0;0
32508;-113;-122;0;0
32571;-113;-122;0;0
32634;-113;-122;0;0
32697;-113;-122;0;0
32760;-113;-122;0;0
32823;-113;-122;0;0
32886;-113;-122;0;0
32949;-113;-122;0;0
33012;-113;-122;0;0
33075;-113;-122;0;0
33138;-113;-122;0;0
33201;-113;-122;0;0
33264;-113;-122;0;0
33327;-113;-122;0;0
33390;-113;-122;0;0
33453;-113;-122;0;0
33516;-113;-122;0;0
33579;-113;-122;0;0
33642;-113;-122;0;0
33705;-113;-122;0;0
33768;-113;-122;0;0
33831;-113;-122;0;0
33894;-113;-122;0;0
33957;-113;-122;56;0
34020;-113;-122;56;0
34083;-113;-122;56;0
34146;-113;-122;56;0
34209;-113;-122;56;0
34272;-113;-122;81;0
34335;-113;-122;81;0
34398;-113;-122;81;0
34461;-113;-122;81;0
34524;-113;-122;81;0
34587;-112;-122;168;0
34650;-109;-122;168;0
34713;-105;-122;168;0
34776;-102;-122;168;0
34839;-100;-122;168;0
34902;-93;-122;289;0
34965;-89;-122;289;0
35028;-86;-122;289;0
35091;-82;-122;289;0
35154;-79;-122;289;0
35217;-73;-122;153;0
35280;-71;-122;153;48
35343;-69;-122;153;48
35406;-65;-122;153;48
35469;-63;-122;165;48
35532;-60;-122;165;48
35595;-58;-122;165;41
35658;-55;-122;165;41
35721;-50;-122;165;41
35784;-48;-122;165;41
35847;-45;-122;194;41
35910;-38;-122;194;50
35973;-35;-122;194;50
36036;-32;-122;194;50
36099;-29;-122;194;50
36162;-22;-122;222;50
36225;-19;-122;222;62
36288;-16;-122;222;62
36351;-12;-122;222;62
36414;-6;-122;214;62
36477;-6;-122;214;62
36540;0;-122;214;73
36603;3;-122;214;73
36666;6;-122;214;73
36729;13;-122;211;73
36792;16;-122;211;73
36855;19;-122;211;73
36918;26;-122;211;84
36981;29;-122;211;84
37044;32;-122;172;84
37107;35;-122;172;84
37170;40;-122;172;121
37233;42;-120;172;121
37296;44;-119;172;121
37359;47;-117;208;121
37422;53;-114;208;121
37485;56;-112;208;72
37548;59;-112;208;72
37611;62;-112;208;72
37674;69;-112;285;72
37737;72;-112;285;72
37800;76;-112;285;72
37863;80;-112;285;48
37926;87;-112;285;48
37989;87;-112;285;48
38052;94;-112;327;48
38115;102;-112;327;54
38178;102;-112;327;54
38241;109;-112;327;54
38304;111;-112;120;54
38367;113;-112;120;54
38430;114;-112;120;54
38493;118;-112;120;87
38556;119;-112;120;87
38619;120;-112;0;87
38682;120;-112;0;87
38745;120;-112;0;87
38808;120;-111;0;125
38871;120;-109;0;125
38934;120;-106;0;125
38997;120;-104;0;125
39060;120;-103;0;125
39123;120;-101;0;68
39186;120;-101;0;68
39249;120;-101;0;68
39312;120;-101;0;68
39375;120;-101;0;79
39438;120;-101;0;79
39501;120;-101;0;79
39564;120;-101;0;79
39627;120;-101;0;79
39690;120;-101;0;79
39753;120;-101;0;76
39816;120;-101;0;76
39879;120;-101;0;76
39942;120;-101;0;76
40005;120;-101;0;76
40068;120;-101;0;56
40131;120;-101;0;56
40194;120;-101;0;56
40257;120;-101;0;56
40320;120;-101;0;56
40383;120;-101;0;0
40446;120;-101;0;0
40509;120;-101;0;0
40572;120;-101;0;0
40635;120;-101;0;0
40698;120;-101;0;0
40761;120;-101;0;0
40824;120;-101;0;0
40887;120;-101;0;0
40950;120;-101;0;0
41013;120;-101;0;0
41076;120;-101;0;0
41139;120;-101;0;0
41202;120;-101;0;0
41265;120;-101;0;59
41328;120;-101;0;59
41391;120;-101;0;59
41454;120;-101;0;59
41517;120;-101;0;59
41580;120;-101;0;149
41643;120;-99;0;149
41706;120;-95;0;149
41769;120;-93;0;149
41832;120;-91;0;149
41895;120;-86;0;176
41958;120;-84;0;176
42021;120;-81;0;176
42084;120;-79;0;176
42147;120;-76;0;176
42210;120;-74;0;176
42273;120;-71;0;117
42336;120;-69;0;117
42399;120;-68;0;117
42462;120;-65;-82;117
42525;120;-64;-82;0
42588;120;-66;-82;-190
42651;120;-69;-82;-190
42714;120;-72;-82;-190
42777;120;-77;0;-190
42840;120;-80;0;-190
42903;120;-81;0;-68
42966;120;-81;0;-68
43029;120;-81;-31;-68
43092;120;-81;-31;-68
43155;120;-81;-31;-68
43218;120;-81;-31;-28
43281;120;-81;-31;-28
43344;120;-81;-31;-28
43407;120;-81;0;-28
43470;120;-81;0;-28
43533;120;-81;0;-48
43596;120;-81;0;-48
43659;120;-81;0;-48
43722;120;-81;0;-48
43785;120;-81;0;-31
43848;120;-81;0;-31
43911;120;-81;0;-31
43974;120;-81;0;-31
44037;120;-81;0;-31
44100;120;-81;0;0
44163;120;-81;0;0
44226;120;-81;0;0
44289;120;-81;0;0
44352;120;-81;0;0
44415;120;-81;0;0
44478;120;-81;0;0
44541;120;-81;0;0
44604;120;-81;0;0
44667;120;-81;0;0
44730;120;-81;0;0
44793;120;-81;0;0
44856;120;-81;0;0
44919;120;-81;0;0
44982;120;-81;0;0
45045;120;-81;0;0
45108;120;-81;0;0
45171;120;-81;0;0
45234;120;-81;0;0
45297;120;-81;0;0
45360;120;-83;0;-256
45423;120;-88;0;-256
45486;120;-98;0;-256
45549;120;-102;0;-256
45612;120;-107;0;-256
45675;120;-111;0;-120
45738;120;-114;0;-120
45801;120;-116;0;-120
45864;120;-118;0;-120
45927;120;-120;0;-120
45990;120;-121;0;102
46053;120;-121;0;102
46116;120;-121;0;102
46179;120;-121;0;102
46242;120;-121;0;102
46305;120;-121;0;52
46368;120;-121;0;52
46431;120;-121;0;52
46494;120;-121;0;52
46557;120;-121;0;52
46620;120;-121;0;0
46683;120;-121;0;0
46746;120;-121;0;0
46809;120;-121;0;0
46872;120;-121;0;0
46935;120;-121;0;75
46998;120;-121;0;75
47061;120;-121;0;75
47124;120;-121;0;75
47187;120;-121;0;75
47250;120;-121;0;103
47313;120;-121;0;103
47376;120;-121;0;103
47439;120;-121;0;103
47502;120;-121;0;71
47565;120;-121;0;71
47628;120;-121;0;71
47691;120;-121;0;71
47754;120;-121;0;71
47817;120;-121;-46;71
47880;120;-117;-46;189
47943;120;-111;-46;189
48006;120;-111;-46;189
48069;120;-108;-46;189
48132;120;-102;-63;168
48195;120;-100;-63;168
48258;120;-95;-63;168
48321;120;-92;-63;168
48384;120;-90;-84;168
48447;120;-87;-84;0
48510;120;-89;-84;-124
48573;120;-91;-84;-124
48636;120;-93;-84;-124
48699;117;-96;-247;-124
48762;114;-98;-247;-124
48825;110;-98;-247;-100
48888;106;-98;-247;-100
48951;102;-98;-247;-100
49014;99;-98;-247;-100
49077;95;-98;-125;-100
49140;93;-98;-125;-43
49203;91;-98;-125;-43
49266;90;-98;-125;-43
49329;87;-98;-61;-43
49392;87;-98;-61;97
49455;87;-98;-61;97
49518;87;-98;-61;97
49581;87;-98;-61;97
49644;87;-98;-31;97
49707;87;-96;-31;537
49770;87;-92;-31;537
49833;87;-85;-31;537
49896;87;-81;-31;537
49959;87;-78;-40;537
50022;87;-73;-40;140
50085;87;-71;-40;140
50148;87;-69;-40;140
50211;87;-67;-40;140
50274;87;-65;-59;140
50337;87;-63;-59;0
50400;87;-63;-59;0
50463;87;-63;-59;0
50526;87;-63;-59;0
50589;87;-63;-171;0
50652;82;-63;-171;0
50715;80;-63;-171;0
50778;78;-63;-171;0
50841;75;-63;-171;0
50904;70;-63;-173;0
50967;68;-63;-173;0
51030;63;-63;-173;0
51093;61;-63;-173;0
51156;58;-63;-173;0
51219;58;-63;-98;0
51282;58;-57;-98;441
51345;58;-53;-98;441
51408;58;-49;-98;441
51471;58;-46;-98;441
51534;58;-39;-85;185
51597;58;-36;-85;185
51660;58;-34;-85;185
51723;58;-31;-85;185
51786;57;-26;-136;185
51849;55;-25;-136;0
51912;53;-25;-136;-31
51975;51;-25;-136;-31
52038;47;-25;-136;-31
52101;45;-25;-160;-31
52164;43;-25;-160;-31
52227;38;-25;-160;0
52290;36;-25;-160;0
52353;33;-25;-160;0
52416;31;-25;-144;0
52479;29;-25;-144;156
52542;25;-21;-144;156
52605;23;-19;-144;156
52668;21;-16;-144;156
52731;19;-14;-126;156
52794;16;-12;-126;47
52857;16;-12;-126;47
52920;12;-12;-126;47
52983;11;-12;-126;47
53046;9;-12;-158;47
53109;4;-12;-158;86
53172;2;-12;-158;86
53235;0;-12;-158;86
53298;-4;-12;-158;86
53361;-6;-12;-147;86
53424;-8;-10;-147;201
53487;-10;-6;-147;201
53550;-14;0;-147;201
53613;-16;2;-147;201
53676;-17;6;-95;201
53739;-17;9;-95;426
53802;-17;13;-95;426
53865;-17;20;-95;426
53928;-17;24;-95;426
53991;-17;27;-71;426
54054;-17;31;-71;426
54117;-17;32;-71;92
54180;-17;32;-71;92
54243;-17;32;-71;92
54306;-17;32;-107;92
54369;-17;34;-107;227
54432;-17;37;-107;227
54495;-17;40;-107;227
54558;-17;44;-107;227
54621;-19;50;-143;227
54684;-21;53;-143;80
54747;-23;53;-143;80
54810;-25;53;-143;80
54873;-29;53;-152;80
54936;-31;53;-152;80
54999;-34;53;-152;70
55062;-38;53;-152;70
55125;-41;53;-152;70
55188;-43;53;-126;70
55251;-45;53;-126;70
55314;-46;53;-126;70
55377;-50;59;-126;235
55440;-51;63;-126;235
55503;-53;66;-126;235
55566;-57;74;-139;235
55629;-59;76;-139;146
55692;-61;78;-139;146
55755;-65;82;-139;146
55818;-67;84;-142;146
55881;-69;86;-142;146
55944;-71;87;-142;0
56007;-73;87;-142;0
56070;-77;87;-142;0
56133;-79;87;-150;0
56196;-81;87;-150;0
56259;-84;87;-150;0
56322;-88;87;-150;0
56385;-91;87;-150;0
56448;-93;87;-152;0
56511;-95;87;-152;0
56574;-100;87;-152;49
56637;-102;87;-152;49
56700;-104;87;-152;49
56763;-107;87;-129;49
56826;-108;87;-129;49
56889;-112;90;-129;178
56952;-113;92;-129;178
57015;-117;97;-125;178
57078;-119;100;-125;178
57141;-120;103;-125;56
57204;-122;103;-125;56
57267;-124;103;-125;56
57330;-125;103;-125;56
57393;-127;103;-86;56
57456;-127;103;-86;46
57519;-127;103;-86;46
57582;-127;103;-86;46
57645;-127;103;-86;46
57708;-127;103;-61;46
57771;-127;103;-61;46
57834;-127;103;-61;61
57897;-127;103;-61;61
57960;-127;103;-61;61
58023;-127;103;-54;61
58086;-127;103;-54;61
58149;-127;103;-54;73
58212;-127;103;-54;73
58275;-127;103;-46;73
58338;-127;103;-46;73
58401;-127;103;-46;87
58464;-127;103;-46;87
58527;-127;103;-46;87
58590;-127;103;-45;87
58653;-127;103;-45;87
58716;-127;103;-45;81
58779;-127;103;-45;81
58842;-127;103;-45;81
58905;-127;103;-41;81
58968;-127;103;-41;81
59031;-127;103;-41;68
59094;-127;103;-41;68
59157;-127;103;-41;68
59220;-127;103;-39;68
59283;-127;103;-39;68
59346;-127;103;-39;66
59409;-127;103;-39;66
59472;-127;103;-39;66
59535;-127;103;-37;66
59598;-127;103;-37;54
59661;-127;103;-37;54
59724;-127;103;-37;54
59787;-127;103;-37;54
59850;-127;103;-30;54
59913;-127;103;-30;54
59976;-127;103;-30;0
60039;-127;103;-30;0
60102;-127;103;-30;0
60165;-127;103;0;0
60228;-127;103;0;0
60291;-127;103;0;0
60354;-127;103;0;0
60417;-127;103;0;0
60480;-127;103;0;0
60543;-127;103;0;0
60606;-127;103;0;-61
60669;-127;103;0;-61
60732;-127;103;0;-61
60795;-127;103;0;-61
60858;-127;103;0;-100
60921;-127;103;0;-100
60984;-127;103;0;-100
61047;-127;103;0;-100
61110;-127;103;0;-100
61173;-127;103;0;-66
61236;-127;103;0;-66
61299;-127;103;0;-66
61362;-127;103;0;-66
61425;-127;103;0;-66
61488;-127;103;0;-33
61551;-127;103;0;-33
61614;-127;103;0;-33
61677;-127;103;0;-33
61740;-127;103;0;-33
61803;-127;103;0;0
61866;-127;103;0;0
61929;-127;103;0;0
61992;-127;103;0;0
62055;-127;103;0;0
62118;-127;103;0;0
62181;-127;103;0;0
62244;-127;103;0;0
62307;-127;103;0;0
62370;-127;103;0;0
62433;-127;103;0;0
62496;-127;103;0;0
62559;-127;103;0;0
62622;-127;103;0;0
62685;-127;103;0;0
62748;-127;103;0;0
62811;-127;103;0;0
62874;-127;103;0;0
62937;-127;103;0;0
63000;-127;103;0;0
63063;-127;103;0;0
63126;-127;103;0;0
63189;-127;103;0;0
63252;-127;103;0;0
63315;-127;103;0;0
63378;-127;103;0;0
63441;-127;103;0;0
63504;-127;103;0;0
63567;-127;103;0;0
63630;-127;103;0;0
63693;-127;103;0;0
63756;-127;103;0;0
63819;-127;103;0;0
63882;-127;103;0;0
63945;-127;103;0;0
64008;-127;103;0;0
64071;-127;103;0;0
64134;-127;103;0;0
64197;-127;103;0;0
64260;-127;103;0;0
64323;-127;103;0;0
64386;-127;103;0;0
64449;-127;103;0;0
64512;-127;103;0;0
64575;-127;103;0;0
64638;-127;103;0;0
64701;-127;103;0;0
64764;-127;103;0;0
64827;-127;103;0;0
64890;-127;103;0;0
64953;-127;103;0;0
65016;-127;103;0;0
65079;-127;103;0;0
65142;-127;103;0;0
65205;-127;103;0;0
65268;-127;103;0;0
65331;-127;103;0;0
65394;-127;103;0;0
65457;-127;103;0;0
65520;-127;103;0;0
65583;-127;103;0;0
65646;-127;103;0;0
65709;-127;103;0;0
65772;-127;103;0;0
65835;-127;103;0;0
65898;-127;103;0;0
65961;-127;103;0;0
66024;-127;103;0;0
66087;-127;103;0;0
66150;-127;103;0;0
66213;-127;103;0;0
66276;-127;103;0;0
66339;-127;103;0;0
66402;-127;103;0;0
66465;-127;103;0;0
66528;-127;103;0;0
66591;-127;103;0;0
66654;-127;103;0;0
66717;-127;103;0;0
66780;-127;103;0;0
66843;-127;103;0;0
66906;-127;103;0;0
66969;-127;103;0;0
67032;-127;103;0;0
67095;-127;103;0;0
67158;-127;103;0;0
67221;-127;103;0;0
67284;-127;103;0;0
67347;-127;103;0;0
67410;-127;103;0;-79
67473;-127;103;0;-79
67536;-127;103;0;-79
67599;-127;103;0;-79
67662;-127;102;0;-116
67725;-127;101;0;-116
67788;-127;99;0;-116
67851;-127;96;0;-116
67914;-127;95;0;-116
67977;-127;93;0;-192
68040;-127;90;0;-192
68103;-127;85;0;-192
68166;-127;82;0;-192
68229;-127;79;0;-192
68292;-127;77;0;-148
68355;-127;75;0;-148
68418;-127;71;0;-148
68481;-127;69;0;-148
68544;-127;66;0;-148
68607;-127;64;0;-148
68670;-127;62;0;-154
68733;-127;58;0;-154
68796;-127;56;0;-154
68859;-127;54;0;-154
68922;-127;52;0;-154
68985;-127;48;0;-158
69048;-127;46;0;-158
69111;-127;42;0;-158
69174;-127;39;0;-158
69237;-127;37;0;-170
69300;-127;35;0;-170
69363;-127;30;0;-170
69426;-127;27;0;-170
69489;-127;24;0;-170
69552;-127;22;0;-169
69615;-127;19;0;-169
69678;-127;14;0;-169
69741;-127;12;0;-169
69804;-127;9;86;-169
69867;-127;7;86;-191
69930;-127;1;86;-191
69993;-127;-1;86;-191
70056;-127;-3;86;-191
70119;-127;-6;125;-191
70182;-125;-9;125;-209
70245;-121;-15;125;-209
70308;-120;-18;125;-209
70371;-118;-21;125;-209
70434;-116;-24;192;-209
70497;-113;-27;192;-219
70560;-108;-32;192;-219
70623;-105;-35;192;-219
70686;-102;-38;192;-219
70749;-99;-44;0;-219
70812;-99;-47;0;-170
70875;-99;-50;0;-170
70938;-99;-55;0;-170
71001;-99;-57;0;-170
71064;-99;-60;0;-170
71127;-99;-63;0;-327
71190;-99;-70;0;-327
71253;-99;-74;0;-327
71316;-99;-78;0;-327
71379;-99;-81;0;-327
71442;-99;-88;0;-217
71505;-99;-92;0;-217
71568;-99;-95;0;-217
71631;-99;-102;0;-217
71694;-99;-103;0;-94
71757;-99;-103;0;-94
71820;-99;-103;0;-94
71883;-99;-103;0;-94
71946;-99;-103;0;-54
72009;-99;-103;-29;-54
72072;-99;-103;-29;-54
72135;-99;-103;-29;-54
72198;-99;-103;-29;-54
72261;-99;-103;-29;-57
72324;-99;-103;0;-57
72387;-99;-103;0;-57
72450;-99;-103;0;-57
72513;-99;-103;0;-57
72576;-99;-103;0;0
72639;-99;-103;0;0
72702;-99;-103;0;0
72765;-99;-103;0;0
72828;-99;-103;0;0
72891;-99;-103;0;0
72954;-99;-103;0;0
73017;-99;-103;0;0
73080;-99;-103;0;0
73143;-99;-103;0;0
73206;-99;-103;0;0
73269;-99;-103;0;0
73332;-99;-103;0;0
73395;-99;-103;0;0
73458;-99;-103;0;0
73521;-99;-103;0;0
73584;-99;-103;0;0
73647;-99;-103;0;0
73710;-99;-103;0;0
73773;-99;-103;0;0
73836;-99;-103;0;-74
73899;-99;-103;0;-74
73962;-99;-103;0;-74
74025;-99;-103;0;-74
74088;-99;-103;0;-74
74151;-99;-104;0;-290
74214;-99;-112;0;-290
74277;-99;-115;0;-290
74340;-99;-119;0;-290
74403;-99;-123;0;-290
74466;-99;-130;0;-212
74529;-99;-130;0;-212
74592;-99;-130;0;-212
74655;-99;-130;0;-212
74718;-99;-130;0;-212
74781;-99;-130;-92;0
74844;-99;-130;-92;152
74907;-99;-126;-92;152
74970;-99;-124;-92;152
75033;-99;-121;-92;152
75096;-99;-117;0;152
75159;-99;-117;0;0
75222;-99;-117;0;0
75285;-99;-117;0;0
75348;-99;-117;0;0
75411;-99;-117;0;0
75474;-99;-117;0;0
75537;-99;-117;0;0
75600;-99;-117;0;0
75663;-99;-117;0;0
75726;-99;-117;0;0
75789;-99;-117;0;0
75852;-99;-117;0;0
75915;-99;-117;0;0
75978;-99;-117;0;0
76041;-99;-117;0;0
76104;-99;-117;0;0
76167;-99;-117;0;0
76230;-99;-117;0;0
76293;-99;-117;0;0
76356;-99;-117;0;0
76419;-99;-117;0;0
76482;-99;-117;0;0
76545;-98;-117;200;0
76608;-95;-117;200;-35
76671;-89;-117;200;-35
76734;-85;-117;200;-35
76797;-82;-117;200;-35
76860;-75;-117;351;0
76923;-72;-117;351;0
76986;-68;-117;351;0
77049;-64;-117;351;0
77112;-57;-117;351;0
77175;-53;-117;258;0
77238;-48;-117;258;0
77301;-43;-117;258;0
77364;-38;-117;258;0
77427;-29;-117;258;0
77490;-25;-117;332;0
77553;-21;-117;332;0
77616;-18;-117;332;0
77679;-10;-117;332;0
77742;-7;-117;332;0
77805;-3;-117;333;0
77868;0;-117;333;0
77931;3;-117;333;0
77994;11;-117;333;0
78057;14;-117;333;0
78120;18;-117;344;0
78183;22;-117;344;0
78246;29;-117;344;0
78309;32;-117;344;0
78372;36;-117;344;0
78435;40;-117;350;0
78498;43;-117;350;0
78561;51;-117;350;0
78624;54;-117;350;0
78687;58;-117;350;0
78750;62;-117;331;0
78813;69;-117;331;0
78876;73;-117;331;0
78939;80;-117;331;0
79002;84;-117;334;0
79065;87;-117;334;0
79128;94;-117;334;0
79191;98;-117;334;0
79254;102;-117;334;0
79317;105;-117;334;0
79380;109;-117;334;0
79443;116;-117;292;0
79506;120;-117;292;0
79569;123;-117;292;0
79632;131;-117;292;0
79695;132;-117;62;0
79758;132;-117;62;53
79821;132;-117;62;53
79884;132;-117;62;53
79947;132;-117;0;53
80010;132;-117;0;57
80073;132;-117;0;57
80136;132;-117;0;57
80199;132;-117;0;57
80262;132;-117;0;30
80325;132;-117;0;30
80388;132;-117;0;30
80451;132;-117;0;30
80514;132;-117;0;0
80577;132;-117;0;0
80640;132;-117;0;0
80703;132;-117;0;0
80766;132;-117;0;48
80829;132;-117;0;48
80892;132;-117;0;48
80955;132;-117;0;48
81018;132;-117;0;48
81081;132;-117;0;95
81144;132;-117;0;95
81207;132;-117;0;95
81270;132;-117;0;95
81333;132;-117;0;95
81396;132;-117;0;95
81459;132;-114;0;214
81522;132;-108;0;214
81585;132;-105;0;214
81648;132;-101;0;214
81711;132;-98;0;214
81774;132;-97;0;95
81837;132;-97;0;95
81900;132;-97;0;95
81963;132;-97;0;95
82026;132;-97;0;85
82089;132;-97;0;85
82152;132;-97;0;85
82215;132;-97;0;85
82278;132;-97;0;85
82341;132;-97;0;0
82404;132;-97;0;0
82467;132;-97;0;0
82530;132;-97;0;0
82593;132;-97;0;0
82656;132;-97;0;0
82719;132;-97;0;0
82782;132;-97;0;0
82845;132;-97;0;0
82908;132;-97;0;0
82971;132;-97;0;0
83034;132;-97;0;0
83097;132;-97;0;0
83160;132;-97;0;0
83223;132;-97;0;0
83286;132;-97;0;0
83349;132;-97;0;0
83412;132;-97;0;0
83475;132;-97;0;0
83538;132;-97;0;0
83601;132;-97;0;0
83664;132;-97;0;0
83727;132;-97;0;0
83790;132;-97;0;0
83853;132;-97;0;0
83916;132;-97;-32;0
83979;132;-97;-32;57
84042;132;-97;-32;57
84105;132;-97;-32;57
84168;132;-97;-32;57
84231;132;-97;-70;88
84294;132;-97;-70;88
84357;132;-97;-70;88
84420;132;-97;-70;88
84483;132;-97;-90;35
84546;132;-97;-90;35
84609;132;-97;-90;35
84672;132;-97;-90;35
84735;132;-97;-90;35
84798;131;-97;-137;136
84861;129;-95;-137;136
84924;127;-93;-137;136
84987;123;-89;-137;136
85050;121;-87;-137;136
85113;119;-85;-156;122
85176;115;-82;-156;122
85239;110;-78;-156;122
85302;108;-77;-156;122
85365;103;-72;-167;179
85428;101;-70;-167;179
85491;96;-65;-167;179
85554;94;-63;-167;179
85617;88;-56;-213;246
85680;85;-53;-213;246
85743;82;-49;-213;246
85806;72;-37;-213;246
85869;69;-34;-239;188
85932;65;-32;-239;188
85995;54;-24;-239;188
86058;50;-22;-239;188
86121;46;-18;-308;268
86184;39;-12;-308;268
86247;32;-5;-308;268
86310;20;3;-333;172
86373;16;5;-333;172
86436;12;8;-333;172
86499;3;12;-333;172
86562;-5;15;-369;113
86625;-9;17;-369;113
86688;-17;20;-369;113
86751;-25;23;-369;198
86814;-29;26;-416;198
86877;-36;32;-416;198
86940;-42;39;-416;198
87003;-46;42;-416;198
87066;-49;46;-423;71
87129;-61;46;-423;71
87192;-65;46;-423;71
87255;-68;46;-423;71
87318;-77;48;-421;151
87381;-85;52;-421;151
87444;-90;54;-421;151
87507;-99;59;-421;151
87570;-108;68;-307;470
87633;-118;77;-307;470
87696;-127;87;-307;470
87759;-134;94;-197;484
87822;-141;101;-197;484
87885;-144;105;-197;484
87948;-149;111;0;0
88011;-149;111;0;0
88074;-149;111;0;0
88137;-149;111;0;0
88200;-149;111;0;0
88263;-149;111;0;0
88326;-149;111;0;0
88389;-149;111;0;0
88452;-149;111;0;0
88515;-149;111;0;0
88578;-149;111;0;0
88641;-149;111;0;0
88704;-149;111;0;0
88767;-149;111;-41;90
88830;-149;111;-41;90
88893;-149;111;-41;90
88956;-149;114;-27;131
89019;-149;116;-27;131
89082;-149;119;-27;131
89145;-149;121;-27;131
89208;-149;121;0;48
89271;-149;121;0;48
89334;-149;121;0;48
89397;-149;121;0;0
89460;-149;121;0;0
89523;-149;121;0;0
89586;-149;121;0;0
89649;-149;121;0;0
89712;-149;121;0;0
89775;-149;121;50;0
89838;-149;121;50;0
89901;-149;121;50;0
89964;-149;121;50;0
90027;-148;121;213;0
90090;-145;121;213;0
90153;-138;121;213;0
90216;-132;121;213;0
90279;-129;121;467;0
90342;-121;121;467;0
90405;-114;121;467;0
90468;-107;121;465;0
90531;-103;121;465;0
90594;-96;121;465;-26
90657;-89;121;465;-26
90720;-85;121;465;-26
90783;-78;121;502;-26
90846;-70;121;502;-31
90909;-67;121;502;-31
90972;-56;121;568;-31
91035;-52;121;568;-43
91098;-41;121;568;-43
91161;-37;121;589;-43
91224;-30;121;589;-56
91287;-23;121;589;-56
91350;-19;121;589;-56
91413;-12;121;600;-56
91476;-5;121;600;-51
91539;2;121;600;-51
91602;6;121;600;-51
91665;13;121;581;-52
91728;20;121;581;-52
91791;24;121;581;-52
91854;31;121;600;-52
91917;38;121;600;-59
91980;46;121;600;-59
92043;53;121;589;-59
92106;57;121;589;-59
92169;67;121;589;-54
92232;71;121;589;-54
92295;78;121;587;-54
92358;86;121;587;-46
92421;93;121;587;-46
92484;96;121;587;-46
92547;104;121;520;-59
92610;111;121;520;-59
92673;115;121;520;-59
92736;126;121;355;-88
92799;129;121;355;-88
92862;140;121;355;-88
92925;143;121;79;-71
92988;143;121;79;-71
93051;143;121;79;-71
93114;143;121;79;-71
93177;143;121;0;-85
93240;143;121;0;-85
93303;143;121;0;-85
93366;143;121;77;-85
93429;143;121;77;-70
93492;143;121;77;-70
93555;143;121;77;-70
93618;143;121;98;-70
93681;143;121;98;-61
93744;143;121;98;-61
93807;143;121;98;-61
93870;143;121;98;-61
93933;143;121;99;-61
93996;143;121;99;-64
94059;143;121;99;-64
94122;143;121;99;-64
94185;143;121;59;-64
94248;143;121;59;-28
94311;143;121;59;-28
94374;143;121;59;-28
94437;143;121;36;-28
94500;143;121;36;0
94563;143;121;36;0
94626;143;121;36;0
94689;143;121;0;0
94752;143;121;0;0
94815;143;121;0;0
94878;143;121;0;0
94941;143;121;0;0
95004;143;121;0;0
95067;143;121;0;0
95130;143;121;0;0
95193;143;121;0;0
95256;143;121;0;0
95319;143;121;0;0
95382;143;121;0;0
95445;143;121;0;0
95508;143;121;0;0
